{"cameraMode":{"drawMode":0,"name":"Shaded","section":"Shading Mode"},"sceneLighting":true,"audioPlay":false,"sceneViewState":{"showFog":true,"showMaterialUpdate":true,"showSkybox":true,"showFlares":true,"showImageEffects":true,"showParticleSystems":true},"in2DMode":false,"pivot":{"x":2.430000066757202,"y":1.040776014328003,"z":-0.4000000059604645},"rotation":{"x":-0.31573617458343508,"y":-0.02078070119023323,"z":0.006917415652424097,"w":-0.9486032128334045},"size":5.798803806304932,"orthographic":false}